arm,seed,opponent,score,trunc_rate,score_sens_05,games
grid,2,B-RND,0.9747,0.0100,0.9700,100
grid,2,B-HEU,0.0800,0.0000,0.0800,100
grid,2,B-MCTS,0.1250,0.0000,0.1250,100
grid,3,B-RND,0.9394,0.0100,0.9350,100
grid,3,B-HEU,0.1450,0.0000,0.1450,100
grid,3,B-MCTS,0.0800,0.0000,0.0800,100
grid,4,B-RND,0.9494,0.1100,0.9000,100
grid,4,B-HEU,0.1050,0.0000,0.1050,100
grid,4,B-MCTS,0.0850,0.0000,0.0850,100
grid,5,B-RND,0.9950,0.0000,0.9950,100
grid,5,B-HEU,0.1200,0.0000,0.1200,100
grid,5,B-MCTS,0.2100,0.0000,0.2100,100
graph,1,B-RND,0.7976,0.5800,0.6250,100
graph,1,B-HEU,0.0450,0.0000,0.0450,100
graph,1,B-MCTS,0.0750,0.0000,0.0750,100
graph,2,B-RND,0.9262,0.3900,0.7600,100
graph,2,B-HEU,0.0550,0.0000,0.0550,100
graph,2,B-MCTS,0.1100,0.0000,0.1100,100
graph,3,B-RND,0.7128,0.5300,0.6000,100
graph,3,B-HEU,0.0600,0.0000,0.0600,100
graph,3,B-MCTS,0.1050,0.0000,0.1050,100
